{"count":1,"self":706.7520512,"total":13734.214568,"children":{"InitializeActuators":{"count":4,"self":0.0031669999999999997,"total":0.0031669999999999997,"children":null},"InitializeSensors":{"count":4,"self":0.002304,"total":0.002304,"children":null},"AgentSendState":{"count":1702973,"self":5.5189727999999993,"total":26.304029,"children":{"CollectObservations":{"count":851868,"self":4.1293448,"total":4.129345,"children":null},"WriteActionMask":{"count":851868,"self":0.78045599999999993,"total":0.78045599999999993,"children":null},"RequestDecision":{"count":851868,"self":2.113188,"total":15.875255,"children":{"AgentInfo.ToProto":{"count":681362,"self":2.47283,"total":13.762067,"children":{"GenerateSensorData":{"count":681362,"self":11.2892368,"total":11.289237,"children":null}}}}}}},"DecideAction":{"count":1702973,"self":9754.6805248,"total":9754.680147,"children":null},"AgentAct":{"count":1702973,"self":3246.4091135999997,"total":3246.409196,"children":null},"AgentInfo.ToProto":{"count":3626,"self":0.011627,"total":0.062607,"children":{"GenerateSensorData":{"count":3626,"self":0.05098,"total":0.05098,"children":null}}}},"gauges":{"CombatRed.CumulativeReward":{"count":3626,"max":38.0300255,"min":-36.7499847,"runningAverage":-4.99637,"value":-28.520031,"weightedAverage":7.3053236},"CombatBlue.CumulativeReward":{"count":3626,"max":36.7499847,"min":-38.0300255,"runningAverage":4.99637,"value":28.520031,"weightedAverage":-7.3053236}},"metadata":{"timer_format_version":"0.1.0","start_time_seconds":"1668090459","unity_version":"2020.3.12f1c1","command_line_arguments":"\/home\/llt\/hgz\/2\/coo_c_vs_a\/coo_c_vs_a.x86_64 -nographics -batchmode --mlagents-port 10007","communication_protocol_version":"1.5.0","com.unity.ml-agents_version":"2.1.0-exp.1","scene_name":"SampleScene","end_time_seconds":"1668104194"}}