{"count":1,"self":649.3467648,"total":17023.949841999998,"children":{"InitializeActuators":{"count":4,"self":0.0029159999999999998,"total":0.0029159999999999998,"children":null},"InitializeSensors":{"count":4,"self":0.00219,"total":0.00219,"children":null},"AgentSendState":{"count":1658434,"self":3.213395,"total":9.242424999999999,"children":{"CollectObservations":{"count":332216,"self":1.081799,"total":1.081799,"children":null},"WriteActionMask":{"count":332216,"self":0.25455099999999997,"total":0.25455099999999997,"children":null},"RequestDecision":{"count":332216,"self":0.79233999999999993,"total":4.69268,"children":{"AgentInfo.ToProto":{"count":166108,"self":0.71436499999999992,"total":3.90034,"children":{"GenerateSensorData":{"count":166108,"self":3.185975,"total":3.185975,"children":null}}}}}}},"DecideAction":{"count":1658434,"self":8380.563456,"total":8380.563247,"children":null},"AgentAct":{"count":1658434,"self":7984.7145471999993,"total":7984.7142239999994,"children":null},"AgentInfo.ToProto":{"count":3628,"self":0.014433999999999999,"total":0.076279,"children":{"GenerateSensorData":{"count":3628,"self":0.061845,"total":0.061845,"children":null}}}},"gauges":{"CombatRed.CumulativeReward":{"count":3628,"max":37.99506,"min":-37.1600075,"runningAverage":-8.362447,"value":29.0150127,"weightedAverage":30.8360023},"CombatBlue.CumulativeReward":{"count":3628,"max":37.1600075,"min":-37.99506,"runningAverage":8.362447,"value":-29.0150127,"weightedAverage":-30.8360023}},"metadata":{"timer_format_version":"0.1.0","start_time_seconds":"1668028880","unity_version":"2020.3.12f1c1","command_line_arguments":"\/home\/llt\/hgz\/2\/coo_a_vs_a\/coo_a_vs_a.x86_64 -nographics -batchmode --mlagents-port 10012","communication_protocol_version":"1.5.0","com.unity.ml-agents_version":"2.1.0-exp.1","scene_name":"SampleScene","end_time_seconds":"1668045904"}}